Ref,*Package/Footprint ,PosX,PosY,Ref X,Ref Y,Pad X,Pad Y,TB,     Rotation
D105,LED_5mm_Radial,file:///C:/Users/Laptop Pro/OneDrive/Desktop/PPF/PbF/4pi/Esp32BasedProjects/krake/PCBa_KRAKE/PCBa_KRAKEKiCad6_250128_1359.xlsx'#$posPCBWAY.D8,-54.61,189.23,-54.61,,,bottom,0
D201,LED_5mm_Radial,71.12,-74.93,71.12,-74.93,,,bottom,-90
D202,LED_5mm_Radial,71.12,-62.23,71.12,-62.23,,,bottom,-90
D203,LED_5mm_Radial,71.12,-49.53,71.12,-49.53,,,bottom,-90
D204,LED_5mm_Radial,71.12,-36.83,71.12,-36.83,,,bottom,-90
D205,LED_5mm_Radial,71.12,-24.13,71.12,-24.13,,,bottom,-90
MF103,U_Box_V104_General_Alarm_Device_LED_Standoff,186.69,-54.61,186.69,-54.61,,,bottom,0
MF601,U_Box_V104_General_Alarm_Device_LED_Standoff,71.12,-72.39,71.12,-72.39,,,bottom,-90
MF602,U_Box_V104_General_Alarm_Device_LED_Standoff,71.12,-59.817,71.12,-59.817,,,bottom,-90
MF603,U_Box_V104_General_Alarm_Device_LED_Standoff,71.12,-46.99,71.12,-46.99,,,bottom,-90
MF604,U_Box_V104_General_Alarm_Device_LED_Standoff,71.12,-34.163,71.12,-34.163,,,bottom,-90
MF605,U_Box_V104_General_Alarm_Device_LED_Standoff,71.12,-21.59,71.12,-21.59,,,bottom,-90
RV301,Potentiometer_Bourns_3386P_Vertical,182.88,-41.275,182.88,-41.275,,,bottom,90
S601,SW_PUSH-12mm_WithCap_Green,93.98,-88.9,93.98,-88.9,,,bottom,180
SW101,RotaryEncoder_Alps_EC12E-Switch_Vertical_H20mm,73.62,-93.864,73.62,-93.864,,,bottom,90
U302,LCD_2004A,127,-50.8,127,-50.8,,,bottom,180
U303,PinHeader_1x16_P2.54mm_Vertical,166,-23.3,166,-23.3,,,bottom,90
+5esp32,TestPoint_Loop_D2.54mm_Drill1.5mm_Beaded,170.856,-51.816,170.856,-51.816,,,top,0
C101,C_0603_1608Metric_Pad1.08x0.95mm_HandSolder,170.18,-87.8078,170.18,-87.8078,,,top,0
C102,CP_Elec_5x5.4,184.404,-75.2375,184.404,-75.2375,,,top,180
C103,C_0603_1608Metric_Pad1.08x0.95mm_HandSolder,94.742,-28.194,94.742,-28.194,,,top,90
C105,C_0603_1608Metric_Pad1.08x0.95mm_HandSolder,189.23,-72.644,189.23,-72.644,,,top,90
C106,CP_Elec_5x5.4,90.932,-28.956,90.932,-28.956,,,top,90
C108,C_0603_1608Metric_Pad1.08x0.95mm_HandSolder,188.722,-60.452,188.722,-60.452,,,top,-90
C109,CP_Elec_5x5.4,180.848,-57.658,180.848,-57.658,,,top,180
C115,CP_Elec_5x5.4,161.966,-52.07,161.966,-52.07,,,top,180
C116,C_0603_1608Metric_Pad1.08x0.95mm_HandSolder,162.22,-48.26,162.22,-48.26,,,top,180
C117,C_0603_1608Metric_Pad1.08x0.95mm_HandSolder,163.236,-44.6035,163.236,-44.6035,,,top,90
C118,CP_Elec_5x5.4,168.316,-39.37,168.316,-39.37,,,top,0
C301,C_0603_1608Metric_Pad1.08x0.95mm_HandSolder,165.1,-27.94,165.1,-27.94,,,top,0
C302,CP_Elec_5x5.4,165.1,-33.02,165.1,-33.02,,,top,0
C303,C_0603_1608Metric_Pad1.08x0.95mm_HandSolder,157.48,-72.39,157.48,-72.39,,,top,-90
C501,C_0603_1608Metric_Pad1.08x0.95mm_HandSolder,102.616,-87.0215,102.616,-87.0215,,,top,-90
C502,CP_Elec_5x5.4,98.806,-87.122,98.806,-87.122,,,top,-90
C503,C_0603_1608Metric_Pad1.08x0.95mm_HandSolder,113.03,-85.865,113.03,-85.865,,,top,-90
C504,C_0603_1608Metric_Pad1.08x0.95mm_HandSolder,92.964,-79.248,92.964,-79.248,,,top,-90
C505,CP_Elec_5x5.4,88.138,-64.77,88.138,-64.77,,,top,90
C602,C_0603_1608Metric_Pad1.08x0.95mm_HandSolder,82.042,-84.074,82.042,-84.074,,,top,180
C701,C_0603_1608Metric_Pad1.08x0.95mm_HandSolder,123.5475,-72.898,123.5475,-72.898,,,top,-90
C702,C_0603_1608Metric_Pad1.08x0.95mm_HandSolder,123.5475,-76.3535,123.5475,-76.3535,,,top,-90
C703,C_0603_1608Metric_Pad1.08x0.95mm_HandSolder,131.9325,-67.31,131.9325,-67.31,,,top,180
C704,C_0603_1608Metric_Pad1.08x0.95mm_HandSolder,123.2935,-78.74,123.2935,-78.74,,,top,180
C705,CP_Elec_5x5.4,139.8035,-71.374,139.8035,-71.374,,,top,-90
C706,C_0603_1608Metric_Pad1.08x0.95mm_HandSolder,135.7395,-72.39,135.7395,-72.39,,,top,-90
D101,D_SMB,182.245,-88.265,182.245,-88.265,,,top,-90
D103,D_SMB,80.518,-33.528,80.518,-33.528,,,top,180
D104,D_SMB,166.37,-78.105,166.37,-78.105,,,top,-90
D106,LED_0603_1608Metric_Pad1.05x0.95mm_HandSolder,106.3657,-50.0888,106.3657,-50.0888,,,top,0
D301,SOT-23,150.876,-76.962,150.876,-76.962,,,top,-90
D302,SOT-23,160.782,-76.962,160.782,-76.962,,,top,-90
D303,SOT-23,146.05,-76.962,146.05,-76.962,,,top,-90
D304,SOT-23,155.702,-76.962,155.702,-76.962,,,top,-90
D501,LED_0603_1608Metric,107.442,-77.724,107.442,-77.724,,,top,180
F101,Fuse_0603_1608Metric,174.498,-86.106,174.498,-86.106,,,top,180
F401,Fuse_0603_1608Metric,158.115,-83.185,158.115,-83.185,,,top,90
J101,BarrelJack_CLIFF_FC681465S_SMT_Horizontal,175.26,-96.52,175.26,-96.52,,,top,90
J102,PinHeader_1x02_P2.54mm_Vertical,89.149,-99.568,89.149,-99.568,,,top,90
J103,PinHeader_1x02_P2.54mm_Vertical,165.867,-93.472,165.867,-93.472,,,top,-90
J401,RJ12_Amphenol_54601,151.13,-87.63,151.13,-87.63,,,top,0
J501,USB_C_Receptacle_HRO_TYPE-C-31-M-12,108.204,-99.06,108.204,-99.06,,,top,0
J601,PinHeader_1x02_P1.27mm_Vertical,140.97,-64.262,140.97,-64.262,,,top,180
J602,PinHeader_1x02_P2.54mm_Vertical,75.438,-98.278,75.438,-98.278,,,top,-90
J603,DFPlayer_mini_20241116,92.979,-74.20971,92.979,-74.20971,,,top,90
J701,DSUB-9_Female_Horizontal_P2.77x2.84mm_EdgePinOffset9.90mm_Housed_MountingHolesOffset11.32mm,135.89,-89.281,135.89,-89.281,,,top,0
Q201,SOT-23,65.1025,-76.388,65.1025,-76.388,,,top,180
Q202,SOT-23,70.485,-66.04,70.485,-66.04,,,top,180
Q203,SOT-23,70.485,-53.34,70.485,-53.34,,,top,180
Q204,SOT-23,70.485,-40.64,70.485,-40.64,,,top,180
Q205,SOT-23,70.485,-27.94,70.485,-27.94,,,top,180
Q206,SOT-23,92.776,-85.4225,92.776,-85.4225,,,top,90
Q207,SOT-23,117.094,-79.756,117.094,-79.756,,,top,180
Q301,SOT-23,127.95,-29.21,127.95,-29.21,,,top,90
Q302,SOT-23,153.4225,-67.822,153.4225,-67.822,,,top,0
Q303,SOT-23,164.8675,-59.512,164.8675,-59.512,,,top,0
Q304,SOT-23,153.937,-59.69,153.937,-59.69,,,top,0
Q305,SOT-23,165.003,-67.7,165.003,-67.7,,,top,0
Q401,SOT-23,138.7625,-42.926,138.7625,-42.926,,,top,0
Q402,SOT-23,139.0165,-50.038,139.0165,-50.038,,,top,0
R101,R_0603_1608Metric_Pad0.98x0.95mm_HandSolder,82.042,-29.464,82.042,-29.464,,,top,0
R102,R_0603_1608Metric_Pad0.98x0.95mm_HandSolder,85.344,-33.6785,85.344,-33.6785,,,top,90
R106,R_0603_1608Metric_Pad0.98x0.95mm_HandSolder,91.694,-97.028,91.694,-97.028,,,top,180
R107,R_0603_1608Metric_Pad0.98x0.95mm_HandSolder,164.592,-96.012,164.592,-96.012,,,top,0
R110,R_0603_1608Metric_Pad0.98x0.95mm_HandSolder,183.515,-50.8,183.515,-50.8,,,top,180
R112,R_0603_1608Metric_Pad0.98x0.95mm_HandSolder,106.2755,-48.26,106.2755,-48.26,,,top,180
R113,R_0603_1608Metric_Pad0.98x0.95mm_HandSolder,122.936,-28.956,122.936,-28.956,,,top,180
R114,R_0603_1608Metric_Pad0.98x0.95mm_HandSolder,122.936,-36.068,122.936,-36.068,,,top,180
R115,R_0603_1608Metric_Pad0.98x0.95mm_HandSolder,122.936,-37.592,122.936,-37.592,,,top,180
R116,R_0603_1608Metric_Pad0.98x0.95mm_HandSolder,122.936,-39.116,122.936,-39.116,,,top,180
R201,R_0603_1608Metric_Pad0.98x0.95mm_HandSolder,75.946,-72.39,75.946,-72.39,,,top,90
R202,R_0603_1608Metric_Pad0.98x0.95mm_HandSolder,64.262,-72.39,64.262,-72.39,,,top,180
R203,R_0603_1608Metric_Pad0.98x0.95mm_HandSolder,73.66,-66.04,73.66,-66.04,,,top,90
R204,R_0603_1608Metric_Pad0.98x0.95mm_HandSolder,64.262,-59.69,64.262,-59.69,,,top,180
R205,R_0603_1608Metric_Pad0.98x0.95mm_HandSolder,73.66,-53.34,73.66,-53.34,,,top,90
R206,R_0603_1608Metric_Pad0.98x0.95mm_HandSolder,64.262,-46.99,64.262,-46.99,,,top,180
R207,R_0603_1608Metric_Pad0.98x0.95mm_HandSolder,73.66,-40.64,73.66,-40.64,,,top,90
R208,R_0603_1608Metric_Pad0.98x0.95mm_HandSolder,64.262,-34.29,64.262,-34.29,,,top,180
R209,R_0603_1608Metric_Pad0.98x0.95mm_HandSolder,70.612,-30.734,70.612,-30.734,,,top,0
R210,R_0603_1608Metric_Pad0.98x0.95mm_HandSolder,64.262,-30.734,64.262,-30.734,,,top,180
R211,R_0603_1608Metric_Pad0.98x0.95mm_HandSolder,112.014,-92.0985,112.014,-92.0985,,,top,-90
R212,R_0603_1608Metric_Pad0.98x0.95mm_HandSolder,101.9555,-96.1495,101.9555,-96.1495,,,top,90
R213,R_0603_1608Metric_Pad0.98x0.95mm_HandSolder,102.6045,-91.44,102.6045,-91.44,,,top,90
R214,R_0603_1608Metric_Pad0.98x0.95mm_HandSolder,104.394,-79.248,104.394,-79.248,,,top,90
R215,R_0603_1608Metric_Pad0.98x0.95mm_HandSolder,102.108,-82.804,102.108,-82.804,,,top,90
R216,R_0603_1608Metric_Pad0.98x0.95mm_HandSolder,97.374,-80.772,97.374,-80.772,,,top,-90
R301,R_0603_1608Metric_Pad0.98x0.95mm_HandSolder,156.845,-39.37,156.845,-39.37,,,top,0
R302,R_0603_1608Metric_Pad0.98x0.95mm_HandSolder,154.94,-45.72,154.94,-45.72,,,top,0
R303,R_0603_1608Metric_Pad0.98x0.95mm_HandSolder,149.86,-45.72,149.86,-45.72,,,top,180
R304,R_0603_1608Metric_Pad0.98x0.95mm_HandSolder,138.43,-36.195,138.43,-36.195,,,top,-90
R305,R_0603_1608Metric_Pad0.98x0.95mm_HandSolder,156.5675,-36.83,156.5675,-36.83,,,top,0
R306,R_0603_1608Metric_Pad0.98x0.95mm_HandSolder,178.425,-41.995,178.425,-41.995,,,top,-90
R307,R_0603_1608Metric_Pad0.98x0.95mm_HandSolder,154.94,-42.545,154.94,-42.545,,,top,0
R308,R_0603_1608Metric_Pad0.98x0.95mm_HandSolder,178.435,-38.735,178.435,-38.735,,,top,-90
R309,R_0603_1608Metric_Pad0.98x0.95mm_HandSolder,149.5825,-42.545,149.5825,-42.545,,,top,180
R310,R_0603_1608Metric_Pad0.98x0.95mm_HandSolder,178.689,-47.244,178.689,-47.244,,,top,0
R311,R_0603_1608Metric_Pad0.98x0.95mm_HandSolder,130.81,-27.94,130.81,-27.94,,,top,90
R312,R_0603_1608Metric_Pad0.98x0.95mm_HandSolder,128.524,-32.766,128.524,-32.766,,,top,0
R313,R_0603_1608Metric_Pad0.98x0.95mm_HandSolder,156.223,-67.818,156.223,-67.818,,,top,-90
R314,R_0603_1608Metric_Pad0.98x0.95mm_HandSolder,153.429,-70.358,153.429,-70.358,,,top,180
R315,R_0603_1608Metric_Pad0.98x0.95mm_HandSolder,150.381,-67.818,150.381,-67.818,,,top,90
R316,R_0603_1608Metric_Pad0.98x0.95mm_HandSolder,167.907,-59.436,167.907,-59.436,,,top,-90
R317,R_0603_1608Metric_Pad0.98x0.95mm_HandSolder,165.367,-62.23,165.367,-62.23,,,top,180
R318,R_0603_1608Metric_Pad0.98x0.95mm_HandSolder,161.811,-59.69,161.811,-59.69,,,top,90
R319,R_0603_1608Metric_Pad0.98x0.95mm_HandSolder,156.809,-59.7595,156.809,-59.7595,,,top,-90
R320,R_0603_1608Metric_Pad0.98x0.95mm_HandSolder,154.269,-62.196,154.269,-62.196,,,top,180
R321,R_0603_1608Metric_Pad0.98x0.95mm_HandSolder,168.161,-67.818,168.161,-67.818,,,top,-90
R322,R_0603_1608Metric_Pad0.98x0.95mm_HandSolder,150.967,-59.8065,150.967,-59.8065,,,top,90
R323,R_0603_1608Metric_Pad0.98x0.95mm_HandSolder,165.367,-70.358,165.367,-70.358,,,top,180
R324,R_0603_1608Metric_Pad0.98x0.95mm_HandSolder,162.065,-67.818,162.065,-67.818,,,top,90
R401,R_0603_1608Metric_Pad0.98x0.95mm_HandSolder,161.29,-83.185,161.29,-83.185,,,top,-90
R402,R_0603_1608Metric_Pad0.98x0.95mm_HandSolder,154.94,-83.185,154.94,-83.185,,,top,-90
R403,R_0603_1608Metric_Pad0.98x0.95mm_HandSolder,148.59,-83.185,148.59,-83.185,,,top,-90
R404,R_0603_1608Metric_Pad0.98x0.95mm_HandSolder,151.765,-83.185,151.765,-83.185,,,top,-90
R405,R_0603_1608Metric_Pad0.98x0.95mm_HandSolder,136.144,-50.292,136.144,-50.292,,,top,90
R406,R_0603_1608Metric_Pad0.98x0.95mm_HandSolder,135.89,-43.18,135.89,-43.18,,,top,90
R407,R_0603_1608Metric_Pad0.98x0.95mm_HandSolder,138.7625,-45.466,138.7625,-45.466,,,top,180
R408,R_0603_1608Metric_Pad0.98x0.95mm_HandSolder,139.0165,-52.578,139.0165,-52.578,,,top,180
R409,R_0603_1608Metric_Pad0.98x0.95mm_HandSolder,141.986,-49.53,141.986,-49.53,,,top,90
R410,R_0603_1608Metric_Pad0.98x0.95mm_HandSolder,141.732,-42.418,141.732,-42.418,,,top,-90
R501,R_0603_1608Metric_Pad0.98x0.95mm_HandSolder,107.696,-80.01,107.696,-80.01,,,top,0
R502,R_0603_1608Metric_Pad0.98x0.95mm_HandSolder,114.046,-82.1455,114.046,-82.1455,,,top,-90
R503,R_0603_1608Metric_Pad0.98x0.95mm_HandSolder,122.936,-31.242,122.936,-31.242,,,top,0
R504,R_0603_1608Metric_Pad0.98x0.95mm_HandSolder,111.3675,-80.772,111.3675,-80.772,,,top,0
R509,R_0603_1608Metric_Pad0.98x0.95mm_HandSolder,122.936,-40.64,122.936,-40.64,,,top,180
R510,R_0603_1608Metric_Pad0.98x0.95mm_HandSolder,96.52,-76.962,96.52,-76.962,,,top,0
R511,R_0603_1608Metric_Pad0.98x0.95mm_HandSolder,89.408,-56.642,89.408,-56.642,,,top,180
R512,R_0603_1608Metric_Pad0.98x0.95mm_HandSolder,87.122,-72.644,87.122,-72.644,,,top,180
R603,R_0603_1608Metric_Pad0.98x0.95mm_HandSolder,87.4795,-37.592,87.4795,-37.592,,,top,180
R701,R_0603_1608Metric_Pad0.98x0.95mm_HandSolder,137.0095,-76.962,137.0095,-76.962,,,top,180
R702,R_0603_1608Metric_Pad0.98x0.95mm_HandSolder,113.538,-49.1725,113.538,-49.1725,,,top,-90
R703,R_0603_1608Metric_Pad0.98x0.95mm_HandSolder,93.726,-36.068,93.726,-36.068,,,top,180
R704,R_0603_1608Metric_Pad0.98x0.95mm_HandSolder,140.462,-82.042,140.462,-82.042,,,top,180
R705,R_0603_1608Metric_Pad0.98x0.95mm_HandSolder,133.858,-86.106,133.858,-86.106,,,top,180
R706,R_0603_1608Metric_Pad0.98x0.95mm_HandSolder,129.794,-86.106,129.794,-86.106,,,top,0
R707,R_0603_1608Metric_Pad0.98x0.95mm_HandSolder,125.73,-86.106,125.73,-86.106,,,top,0
R708,R_0603_1608Metric_Pad0.98x0.95mm_HandSolder,121.158,-84.328,121.158,-84.328,,,top,180
R709,R_0603_1608Metric_Pad0.98x0.95mm_HandSolder,131.064,-83.058,131.064,-83.058,,,top,0
R710,R_0603_1608Metric_Pad0.98x0.95mm_HandSolder,127.762,-83.058,127.762,-83.058,,,top,0
R711,R_0603_1608Metric_Pad0.98x0.95mm_HandSolder,136.605,-67.31,136.605,-67.31,,,top,0
R1002,R_0603_1608Metric_Pad0.98x0.95mm_HandSolder,166.792,-53.086,166.792,-53.086,,,top,-90
R1003,R_0603_1608Metric_Pad0.98x0.95mm_HandSolder,59.2855,-85.15,59.2855,-85.15,,,top,180
R1004,R_0603_1608Metric_Pad0.98x0.95mm_HandSolder,59.2855,-87.66,59.2855,-87.66,,,top,180
R1005,R_0603_1608Metric_Pad0.98x0.95mm_HandSolder,59.2855,-90.17,59.2855,-90.17,,,top,180
R1008,R_0603_1608Metric_Pad0.98x0.95mm_HandSolder,82.55,-42.672,82.55,-42.672,,,top,0
R1009,R_0603_1608Metric_Pad0.98x0.95mm_HandSolder,156.5675,-55.88,156.5675,-55.88,,,top,0
S101,Switch_Tactile_THT_6x6mm,90.02,-46.264,90.02,-46.264,,,top,0
S102,Switch_Tactile_THT_6x6mm,119.686,-46.264,119.686,-46.264,,,top,0
T101,JLC_ToolingHole_0576mm,57.785,-27.305,57.785,-27.305,,,top,0
T102,JLC_ToolingHole_0576mm,65.278,-99.187,65.278,-99.187,,,top,0
T103,JLC_ToolingHole_0576mm,184.785,-27.305,184.785,-27.305,,,top,0
TP101,TestPoint_Loop_D2.54mm_Drill1.5mm_Beaded,189.23,-29.972,189.23,-29.972,,,top,0
TP102,TestPoint_Loop_D2.54mm_Drill1.5mm_Beaded,177.8,-83.566,177.8,-83.566,,,top,0
TP103,TestPoint_Loop_D2.54mm_Drill1.5mm_Beaded,190.5,-49.53,190.5,-49.53,,,top,0
TP201,TestPoint_Loop_D2.54mm_Drill1.5mm_Beaded,95.504,-98.806,95.504,-98.806,,,top,0
TP202,TestPoint_Loop_D2.54mm_Drill1.5mm_Beaded,97.79,-93.98,97.79,-93.98,,,top,0
TP203,TestPoint_Loop_D2.54mm_Drill1.5mm_Beaded,117.856,-75.184,117.856,-75.184,,,top,0
TP401,TestPoint_Loop_D2.54mm_Drill1.5mm_Beaded,158.75,-30.48,158.75,-30.48,,,top,0
TP402,TestPoint_Loop_D2.54mm_Drill1.5mm_Beaded,135.89,-30.48,135.89,-30.48,,,top,0
TP403,TestPoint_Loop_D2.54mm_Drill1.5mm_Beaded,135.636,-38.1,135.636,-38.1,,,top,0
TP404,TestPoint_Loop_D2.54mm_Drill1.5mm_Beaded,146.304,-45.974,146.304,-45.974,,,top,0
TP405,TestPoint_Loop_D2.54mm_Drill1.5mm_Beaded,180.086,-32.766,180.086,-32.766,,,top,0
U101,TO-220-3_Horizontal_TabDown,190.205,-68.58,190.205,-68.58,,,top,90
U102,ESP32-WROOM-32D,108.458,-34.169,108.458,-34.169,,,top,0
U103,SOT-223-3_TabPin2,168.5192,-45.8724,168.5192,-45.8724,,,top,0
U301,SOIC-16W_7.5x10.3mm_P1.27mm,147.32,-34.29,147.32,-34.29,,,top,180
U501,SSOP-20_5.3x7.2mm_P0.65mm_CH340T,107.4305,-87.63,107.4305,-87.63,,,top,90
U701,SOIC-16_4.55x10.3mm_P1.27mm,130.029,-76.246,130.029,-76.246,,,top,0
